{
    "players": {
        "alice@example.com": {
            "email": "alice@example.com",
            "name": "Alice",
            "created_at": "2025-12-25T03:24:30+01:00"
        },
        "bob@example.com": {
            "email": "bob@example.com",
            "name": "Bob",
            "created_at": "2025-12-25T03:24:30+01:00"
        },
        "carla@example.com": {
            "email": "carla@example.com",
            "name": "Carla",
            "created_at": "2025-12-25T03:24:30+01:00"
        },
        "dave@example.com": {
            "email": "dave@example.com",
            "name": "Dave",
            "created_at": "2025-12-25T03:24:30+01:00"
        },
        "erin@example.com": {
            "email": "erin@example.com",
            "name": "Erin",
            "created_at": "2025-12-25T03:24:30+01:00"
        },
        "frank@example.com": {
            "email": "frank@example.com",
            "name": "Frank",
            "created_at": "2025-12-25T03:24:30+01:00"
        },
        "gina@example.com": {
            "email": "gina@example.com",
            "name": "Gina",
            "created_at": "2025-12-25T03:24:30+01:00"
        },
        "hank@example.com": {
            "email": "hank@example.com",
            "name": "Hank",
            "created_at": "2025-12-25T03:24:30+01:00"
        },
        "ivy@example.com": {
            "email": "ivy@example.com",
            "name": "Ivy",
            "created_at": "2025-12-25T03:24:30+01:00"
        },
        "jack@example.com": {
            "email": "jack@example.com",
            "name": "Jack",
            "created_at": "2025-12-25T03:24:30+01:00"
        },
        "kira@example.com": {
            "email": "kira@example.com",
            "name": "Kira",
            "created_at": "2025-12-25T03:24:30+01:00"
        },
        "liam@example.com": {
            "email": "liam@example.com",
            "name": "Liam",
            "created_at": "2025-12-25T03:24:30+01:00"
        },
        "maya@example.com": {
            "email": "maya@example.com",
            "name": "Maya",
            "created_at": "2025-12-25T03:24:30+01:00"
        },
        "nate@example.com": {
            "email": "nate@example.com",
            "name": "Nate",
            "created_at": "2025-12-25T03:24:30+01:00"
        },
        "olivia@example.com": {
            "email": "olivia@example.com",
            "name": "Olivia",
            "created_at": "2025-12-25T03:24:30+01:00"
        },
        "paul@example.com": {
            "email": "paul@example.com",
            "name": "Paul",
            "created_at": "2025-12-25T03:24:31+01:00"
        },
        "quinn@example.com": {
            "email": "quinn@example.com",
            "name": "Quinn",
            "created_at": "2025-12-25T03:24:31+01:00"
        },
        "riley@example.com": {
            "email": "riley@example.com",
            "name": "Riley",
            "created_at": "2025-12-25T03:24:31+01:00"
        },
        "sam@example.com": {
            "email": "sam@example.com",
            "name": "Sam",
            "created_at": "2025-12-25T03:24:31+01:00"
        },
        "tessa@example.com": {
            "email": "tessa@example.com",
            "name": "Tessa",
            "created_at": "2025-12-25T03:24:31+01:00"
        },
        "umar@example.com": {
            "email": "umar@example.com",
            "name": "Umar",
            "created_at": "2025-12-25T03:24:31+01:00"
        },
        "vera@example.com": {
            "email": "vera@example.com",
            "name": "Vera",
            "created_at": "2025-12-25T03:24:31+01:00"
        },
        "wade@example.com": {
            "email": "wade@example.com",
            "name": "Wade",
            "created_at": "2025-12-25T03:24:31+01:00"
        },
        "xena@example.com": {
            "email": "xena@example.com",
            "name": "Xena",
            "created_at": "2025-12-25T03:24:31+01:00"
        },
        "yara@example.com": {
            "email": "yara@example.com",
            "name": "Yara",
            "created_at": "2025-12-25T03:24:31+01:00"
        },
        "zoe@example.com": {
            "email": "zoe@example.com",
            "name": "Zoe",
            "created_at": "2025-12-25T03:24:31+01:00"
        },
        "player1@example.com": {
            "email": "player1@example.com",
            "name": "Player One",
            "created_at": "2025-12-28T14:33:38+01:00"
        },
        "player2@example.com": {
            "email": "player2@example.com",
            "name": "Player Two",
            "created_at": "2025-12-28T14:33:38+01:00"
        }
    }
}