{
    "audit": [
        {
            "time": "2025-12-29T08:02:47+01:00",
            "user": "admin@example.com",
            "message": "User created: player1@example.com."
        },
        {
            "time": "2025-12-29T08:02:50+01:00",
            "user": "admin@example.com",
            "message": "User created: player2@example.com."
        },
        {
            "time": "2026-01-03T13:53:58+01:00",
            "user": "admin@example.com",
            "message": "User created: player3@example.com."
        },
        {
            "time": "2026-01-03T14:02:22+01:00",
            "user": "admin@example.com",
            "message": "User created: player4@example.com."
        },
        {
            "time": "2026-01-03T14:10:52+01:00",
            "user": "admin@example.com",
            "message": "User created (CSV): player5@example.com."
        },
        {
            "time": "2026-01-03T14:10:52+01:00",
            "user": "admin@example.com",
            "message": "User created (CSV): player6@example.com."
        },
        {
            "time": "2026-01-03T14:10:53+01:00",
            "user": "admin@example.com",
            "message": "User created (CSV): player7@example.com."
        },
        {
            "time": "2026-01-03T14:20:09+01:00",
            "user": "admin@example.com",
            "message": "User created: player8@example.com."
        },
        {
            "time": "2026-01-03T14:22:15+01:00",
            "user": "admin@example.com",
            "message": "User created (CSV): player9@example.com."
        },
        {
            "time": "2026-01-03T14:22:15+01:00",
            "user": "admin@example.com",
            "message": "User created (CSV): player10@example.com."
        },
        {
            "time": "2026-01-03T14:22:15+01:00",
            "user": "admin@example.com",
            "message": "User created (CSV): player11@example.com."
        }
    ]
}