{
    "games": {
        "g_4077cfee3a24": {
            "id": "g_4077cfee3a24",
            "name": "Ultra Mega Tournament",
            "status": "ended",
            "created_at": "2025-12-25T03:32:25+01:00",
            "is_active": true,
            "players": [
                "alice@example.com",
                "bob@example.com",
                "carla@example.com",
                "dave@example.com",
                "erin@example.com",
                "frank@example.com",
                "gina@example.com",
                "hank@example.com",
                "ivy@example.com",
                "jack@example.com",
                "kira@example.com",
                "liam@example.com",
                "maya@example.com",
                "nate@example.com",
                "olivia@example.com",
                "paul@example.com",
                "quinn@example.com",
                "riley@example.com",
                "sam@example.com",
                "tessa@example.com",
                "umar@example.com",
                "vera@example.com",
                "wade@example.com",
                "xena@example.com",
                "yara@example.com"
            ],
            "rounds": [
                {
                    "number": 1,
                    "created_at": "2025-12-25T03:34:24+01:00",
                    "pairing_mode": "ranking_top4",
                    "pods": [
                        {
                            "id": "r1_p1",
                            "players": [
                                "alice@example.com",
                                "bob@example.com",
                                "carla@example.com",
                                "dave@example.com"
                            ],
                            "scores": {
                                "alice@example.com": 4,
                                "bob@example.com": 1,
                                "carla@example.com": 1,
                                "dave@example.com": 1
                            },
                            "locked": true
                        },
                        {
                            "id": "r1_p2",
                            "players": [
                                "erin@example.com",
                                "frank@example.com",
                                "gina@example.com",
                                "hank@example.com"
                            ],
                            "scores": {
                                "erin@example.com": 4,
                                "frank@example.com": 3,
                                "gina@example.com": 1,
                                "hank@example.com": 1
                            },
                            "locked": true
                        },
                        {
                            "id": "r1_p3",
                            "players": [
                                "ivy@example.com",
                                "jack@example.com",
                                "kira@example.com",
                                "liam@example.com"
                            ],
                            "scores": {
                                "ivy@example.com": 4,
                                "jack@example.com": 3,
                                "kira@example.com": 0,
                                "liam@example.com": 0
                            },
                            "locked": true
                        },
                        {
                            "id": "r1_p4",
                            "players": [
                                "maya@example.com",
                                "nate@example.com",
                                "olivia@example.com",
                                "paul@example.com"
                            ],
                            "scores": {
                                "maya@example.com": 2,
                                "nate@example.com": 4,
                                "olivia@example.com": 0,
                                "paul@example.com": 0
                            },
                            "locked": true
                        },
                        {
                            "id": "r1_p5",
                            "players": [
                                "quinn@example.com",
                                "riley@example.com",
                                "sam@example.com"
                            ],
                            "scores": {
                                "quinn@example.com": 4,
                                "riley@example.com": 1,
                                "sam@example.com": 1
                            },
                            "locked": true
                        },
                        {
                            "id": "r1_p6",
                            "players": [
                                "umar@example.com",
                                "vera@example.com",
                                "wade@example.com"
                            ],
                            "scores": {
                                "umar@example.com": 4,
                                "vera@example.com": 2,
                                "wade@example.com": 1
                            },
                            "locked": true
                        },
                        {
                            "id": "r1_p7",
                            "players": [
                                "yara@example.com",
                                "xena@example.com",
                                "tessa@example.com"
                            ],
                            "scores": {
                                "yara@example.com": 4,
                                "xena@example.com": 2,
                                "tessa@example.com": 1
                            },
                            "locked": true
                        }
                    ]
                },
                {
                    "number": 2,
                    "created_at": "2025-12-25T04:02:26+01:00",
                    "pairing_mode": "ranking_highlow",
                    "pods": [
                        {
                            "id": "r2_p1",
                            "players": [
                                "erin@example.com",
                                "ivy@example.com",
                                "paul@example.com",
                                "olivia@example.com"
                            ],
                            "scores": {
                                "erin@example.com": 4,
                                "ivy@example.com": 1,
                                "paul@example.com": 1,
                                "olivia@example.com": 1
                            },
                            "locked": true
                        },
                        {
                            "id": "r2_p2",
                            "players": [
                                "umar@example.com",
                                "yara@example.com",
                                "liam@example.com",
                                "kira@example.com"
                            ],
                            "scores": {
                                "umar@example.com": 1,
                                "yara@example.com": 1,
                                "liam@example.com": 4,
                                "kira@example.com": 3
                            },
                            "locked": true
                        },
                        {
                            "id": "r2_p3",
                            "players": [
                                "nate@example.com",
                                "alice@example.com",
                                "dave@example.com",
                                "carla@example.com"
                            ],
                            "scores": {
                                "nate@example.com": 1,
                                "alice@example.com": 2,
                                "dave@example.com": 2,
                                "carla@example.com": 4
                            },
                            "locked": true
                        },
                        {
                            "id": "r2_p4",
                            "players": [
                                "quinn@example.com",
                                "frank@example.com",
                                "bob@example.com",
                                "sam@example.com"
                            ],
                            "scores": {
                                "quinn@example.com": 3,
                                "frank@example.com": 1,
                                "bob@example.com": 1,
                                "sam@example.com": 4
                            },
                            "locked": true
                        },
                        {
                            "id": "r2_p5",
                            "players": [
                                "jack@example.com",
                                "vera@example.com",
                                "riley@example.com"
                            ],
                            "scores": {
                                "jack@example.com": 1,
                                "vera@example.com": 4,
                                "riley@example.com": 1
                            },
                            "locked": true
                        },
                        {
                            "id": "r2_p6",
                            "players": [
                                "xena@example.com",
                                "maya@example.com",
                                "gina@example.com"
                            ],
                            "scores": {
                                "xena@example.com": 1,
                                "maya@example.com": 2,
                                "gina@example.com": 4
                            },
                            "locked": true
                        },
                        {
                            "id": "r2_p7",
                            "players": [
                                "tessa@example.com",
                                "wade@example.com",
                                "hank@example.com"
                            ],
                            "scores": {
                                "tessa@example.com": 1,
                                "wade@example.com": 4,
                                "hank@example.com": 1
                            },
                            "locked": true
                        }
                    ]
                },
                {
                    "number": 3,
                    "created_at": "2025-12-25T04:54:22+01:00",
                    "pairing_mode": "swiss_pods",
                    "pods": [
                        {
                            "id": "r3_p1",
                            "players": [
                                "erin@example.com",
                                "quinn@example.com",
                                "vera@example.com",
                                "alice@example.com"
                            ],
                            "scores": {
                                "erin@example.com": 4,
                                "quinn@example.com": 2,
                                "vera@example.com": 1,
                                "alice@example.com": 1
                            },
                            "locked": true,
                            "saved": true
                        },
                        {
                            "id": "r3_p2",
                            "players": [
                                "umar@example.com",
                                "gina@example.com",
                                "sam@example.com",
                                "carla@example.com"
                            ],
                            "scores": {
                                "umar@example.com": 1,
                                "gina@example.com": 1,
                                "sam@example.com": 2,
                                "carla@example.com": 4
                            },
                            "locked": true,
                            "saved": true
                        },
                        {
                            "id": "r3_p3",
                            "players": [
                                "ivy@example.com",
                                "nate@example.com",
                                "yara@example.com",
                                "wade@example.com"
                            ],
                            "scores": {
                                "ivy@example.com": 4,
                                "nate@example.com": 1,
                                "yara@example.com": 2,
                                "wade@example.com": 2
                            },
                            "locked": true,
                            "saved": true
                        },
                        {
                            "id": "r3_p4",
                            "players": [
                                "liam@example.com",
                                "maya@example.com",
                                "frank@example.com",
                                "dave@example.com"
                            ],
                            "scores": {
                                "liam@example.com": 1,
                                "maya@example.com": 4,
                                "frank@example.com": 1,
                                "dave@example.com": 1
                            },
                            "locked": true,
                            "saved": true
                        },
                        {
                            "id": "r3_p5",
                            "players": [
                                "jack@example.com",
                                "xena@example.com",
                                "bob@example.com"
                            ],
                            "scores": {
                                "jack@example.com": 1,
                                "xena@example.com": 4,
                                "bob@example.com": 1
                            },
                            "locked": true,
                            "saved": true
                        },
                        {
                            "id": "r3_p6",
                            "players": [
                                "paul@example.com",
                                "riley@example.com",
                                "tessa@example.com"
                            ],
                            "scores": {
                                "paul@example.com": 1,
                                "riley@example.com": 2,
                                "tessa@example.com": 4
                            },
                            "locked": true,
                            "saved": true
                        },
                        {
                            "id": "r3_p7",
                            "players": [
                                "kira@example.com",
                                "olivia@example.com",
                                "hank@example.com"
                            ],
                            "scores": {
                                "kira@example.com": 1,
                                "olivia@example.com": 1,
                                "hank@example.com": 4
                            },
                            "locked": true,
                            "saved": true
                        }
                    ],
                    "pairing_locked": true
                }
            ]
        },
        "g_21746d288afb": {
            "id": "g_21746d288afb",
            "name": "Game 2025-12-25 07:20",
            "status": "ended",
            "created_at": "2025-12-25T07:20:54+01:00",
            "is_active": true,
            "players": [
                "alice@example.com",
                "bob@example.com",
                "carla@example.com",
                "dave@example.com",
                "erin@example.com",
                "frank@example.com",
                "gina@example.com",
                "hank@example.com",
                "ivy@example.com",
                "jack@example.com",
                "kira@example.com",
                "liam@example.com",
                "maya@example.com",
                "nate@example.com",
                "olivia@example.com",
                "paul@example.com",
                "quinn@example.com",
                "riley@example.com",
                "sam@example.com",
                "tessa@example.com",
                "umar@example.com",
                "vera@example.com",
                "wade@example.com",
                "xena@example.com",
                "yara@example.com",
                "zoe@example.com"
            ],
            "rounds": [
                {
                    "number": 1,
                    "created_at": "2025-12-25T07:21:04+01:00",
                    "pairing_mode": "random_pods",
                    "pairing_locked": true,
                    "time_limit_minutes": 120,
                    "timer_locked": true,
                    "timer_start": "2025-12-25T07:42:54+01:00",
                    "timer_end": "2025-12-25T07:45:07+01:00",
                    "timer_running": false,
                    "pods": [
                        {
                            "id": "r1_p1",
                            "players": [
                                "nate@example.com",
                                "alice@example.com",
                                "jack@example.com",
                                "zoe@example.com"
                            ],
                            "scores": {
                                "nate@example.com": 4,
                                "alice@example.com": 1,
                                "jack@example.com": 1,
                                "zoe@example.com": 1
                            },
                            "locked": true,
                            "saved": true
                        },
                        {
                            "id": "r1_p2",
                            "players": [
                                "liam@example.com",
                                "xena@example.com",
                                "vera@example.com",
                                "maya@example.com"
                            ],
                            "scores": {
                                "liam@example.com": 4,
                                "xena@example.com": 1,
                                "vera@example.com": 3,
                                "maya@example.com": 1
                            },
                            "locked": true,
                            "saved": true
                        },
                        {
                            "id": "r1_p3",
                            "players": [
                                "riley@example.com",
                                "umar@example.com",
                                "dave@example.com",
                                "sam@example.com"
                            ],
                            "scores": {
                                "riley@example.com": 1,
                                "umar@example.com": 1,
                                "dave@example.com": 3,
                                "sam@example.com": 4
                            },
                            "locked": true,
                            "saved": true
                        },
                        {
                            "id": "r1_p4",
                            "players": [
                                "olivia@example.com",
                                "carla@example.com",
                                "kira@example.com",
                                "wade@example.com"
                            ],
                            "scores": {
                                "olivia@example.com": 1,
                                "carla@example.com": 4,
                                "kira@example.com": 3,
                                "wade@example.com": 1
                            },
                            "locked": true,
                            "saved": true
                        },
                        {
                            "id": "r1_p5",
                            "players": [
                                "tessa@example.com",
                                "hank@example.com",
                                "frank@example.com",
                                "gina@example.com"
                            ],
                            "scores": {
                                "tessa@example.com": 4,
                                "hank@example.com": 3,
                                "frank@example.com": 1,
                                "gina@example.com": 1
                            },
                            "locked": true,
                            "saved": true
                        },
                        {
                            "id": "r1_p6",
                            "players": [
                                "paul@example.com",
                                "bob@example.com",
                                "erin@example.com"
                            ],
                            "scores": {
                                "paul@example.com": 4,
                                "bob@example.com": 1,
                                "erin@example.com": 1
                            },
                            "locked": true,
                            "saved": true
                        },
                        {
                            "id": "r1_p7",
                            "players": [
                                "yara@example.com",
                                "quinn@example.com",
                                "ivy@example.com"
                            ],
                            "scores": {
                                "yara@example.com": 1,
                                "quinn@example.com": 2,
                                "ivy@example.com": 4
                            },
                            "locked": true,
                            "saved": true
                        }
                    ],
                    "completed": true,
                    "completed_at": "2025-12-25T07:55:03+01:00"
                },
                {
                    "number": 2,
                    "created_at": "2025-12-25T08:01:01+01:00",
                    "pairing_mode": "swiss_pods",
                    "pairing_locked": true,
                    "time_limit_minutes": 120,
                    "timer_locked": true,
                    "timer_start": "2025-12-25T08:02:30+01:00",
                    "timer_end": "2025-12-25T08:05:07+01:00",
                    "timer_running": false,
                    "completed": true,
                    "completed_at": "2025-12-25T08:05:39+01:00",
                    "pods": [
                        {
                            "id": "r2_p1",
                            "players": [
                                "carla@example.com",
                                "ivy@example.com",
                                "liam@example.com",
                                "jack@example.com"
                            ],
                            "scores": {
                                "carla@example.com": 1,
                                "ivy@example.com": 4,
                                "liam@example.com": 1,
                                "jack@example.com": 1
                            },
                            "locked": true,
                            "saved": true
                        },
                        {
                            "id": "r2_p2",
                            "players": [
                                "tessa@example.com",
                                "nate@example.com",
                                "paul@example.com",
                                "dave@example.com"
                            ],
                            "scores": {
                                "tessa@example.com": 1,
                                "nate@example.com": 1,
                                "paul@example.com": 4,
                                "dave@example.com": 3
                            },
                            "locked": true,
                            "saved": true
                        },
                        {
                            "id": "r2_p3",
                            "players": [
                                "hank@example.com",
                                "kira@example.com",
                                "vera@example.com",
                                "quinn@example.com"
                            ],
                            "scores": {
                                "hank@example.com": 4,
                                "kira@example.com": 3,
                                "vera@example.com": 1,
                                "quinn@example.com": 1
                            },
                            "locked": true,
                            "saved": true
                        },
                        {
                            "id": "r2_p4",
                            "players": [
                                "yara@example.com",
                                "frank@example.com",
                                "maya@example.com",
                                "olivia@example.com"
                            ],
                            "scores": {
                                "yara@example.com": 4,
                                "frank@example.com": 1,
                                "maya@example.com": 1,
                                "olivia@example.com": 3
                            },
                            "locked": true,
                            "saved": true
                        },
                        {
                            "id": "r2_p5",
                            "players": [
                                "gina@example.com",
                                "riley@example.com",
                                "wade@example.com",
                                "xena@example.com"
                            ],
                            "scores": {
                                "gina@example.com": 4,
                                "riley@example.com": 3,
                                "wade@example.com": 1,
                                "xena@example.com": 1
                            },
                            "locked": true,
                            "saved": true
                        },
                        {
                            "id": "r2_p6",
                            "players": [
                                "umar@example.com",
                                "bob@example.com",
                                "alice@example.com"
                            ],
                            "scores": {
                                "umar@example.com": 4,
                                "bob@example.com": 1,
                                "alice@example.com": 2
                            },
                            "locked": true,
                            "saved": true
                        },
                        {
                            "id": "r2_p7",
                            "players": [
                                "sam@example.com",
                                "zoe@example.com",
                                "erin@example.com"
                            ],
                            "scores": {
                                "sam@example.com": 4,
                                "zoe@example.com": 2,
                                "erin@example.com": 1
                            },
                            "locked": true,
                            "saved": true
                        }
                    ]
                },
                {
                    "number": 3,
                    "created_at": "2025-12-25T08:06:21+01:00",
                    "pairing_mode": "swiss_pods",
                    "pairing_locked": true,
                    "time_limit_minutes": 100,
                    "timer_locked": true,
                    "timer_start": "2025-12-25T08:08:41+01:00",
                    "timer_end": "2025-12-25T08:11:09+01:00",
                    "timer_running": false,
                    "completed": true,
                    "completed_at": "2025-12-25T08:11:29+01:00",
                    "pods": [
                        {
                            "id": "r3_p1",
                            "players": [
                                "sam@example.com",
                                "ivy@example.com",
                                "paul@example.com",
                                "hank@example.com"
                            ],
                            "scores": {
                                "sam@example.com": 1,
                                "ivy@example.com": 1,
                                "paul@example.com": 1,
                                "hank@example.com": 4
                            },
                            "locked": true,
                            "saved": true
                        },
                        {
                            "id": "r3_p2",
                            "players": [
                                "dave@example.com",
                                "kira@example.com",
                                "yara@example.com",
                                "liam@example.com"
                            ],
                            "scores": {
                                "dave@example.com": 4,
                                "kira@example.com": 1,
                                "yara@example.com": 3,
                                "liam@example.com": 1
                            },
                            "locked": true,
                            "saved": true
                        },
                        {
                            "id": "r3_p3",
                            "players": [
                                "tessa@example.com",
                                "umar@example.com",
                                "carla@example.com",
                                "vera@example.com"
                            ],
                            "scores": {
                                "tessa@example.com": 1,
                                "umar@example.com": 1,
                                "carla@example.com": 1,
                                "vera@example.com": 4
                            },
                            "locked": true,
                            "saved": true
                        },
                        {
                            "id": "r3_p4",
                            "players": [
                                "nate@example.com",
                                "gina@example.com",
                                "olivia@example.com",
                                "erin@example.com"
                            ],
                            "scores": {
                                "nate@example.com": 4,
                                "gina@example.com": 3,
                                "olivia@example.com": 1,
                                "erin@example.com": 1
                            },
                            "locked": true,
                            "saved": true
                        },
                        {
                            "id": "r3_p5",
                            "players": [
                                "riley@example.com",
                                "zoe@example.com",
                                "frank@example.com",
                                "bob@example.com"
                            ],
                            "scores": {
                                "riley@example.com": 4,
                                "zoe@example.com": 1,
                                "frank@example.com": 1,
                                "bob@example.com": 2
                            },
                            "locked": true,
                            "saved": true
                        },
                        {
                            "id": "r3_p6",
                            "players": [
                                "alice@example.com",
                                "maya@example.com",
                                "wade@example.com"
                            ],
                            "scores": {
                                "alice@example.com": 4,
                                "maya@example.com": 1,
                                "wade@example.com": 1
                            },
                            "locked": true,
                            "saved": true
                        },
                        {
                            "id": "r3_p7",
                            "players": [
                                "jack@example.com",
                                "xena@example.com",
                                "quinn@example.com"
                            ],
                            "scores": {
                                "jack@example.com": 1,
                                "xena@example.com": 1,
                                "quinn@example.com": 4
                            },
                            "locked": true,
                            "saved": true
                        }
                    ]
                }
            ]
        },
        "g_7cd9d1170218": {
            "id": "g_7cd9d1170218",
            "name": "Game Test 3",
            "status": "ended",
            "created_at": "2025-12-25T13:17:23+01:00",
            "is_active": true,
            "players": [
                "alice@example.com",
                "bob@example.com",
                "carla@example.com",
                "dave@example.com",
                "erin@example.com",
                "frank@example.com",
                "gina@example.com",
                "hank@example.com",
                "ivy@example.com",
                "jack@example.com",
                "kira@example.com",
                "liam@example.com",
                "maya@example.com",
                "nate@example.com",
                "olivia@example.com",
                "paul@example.com",
                "quinn@example.com",
                "riley@example.com",
                "sam@example.com",
                "tessa@example.com",
                "umar@example.com",
                "vera@example.com",
                "wade@example.com",
                "xena@example.com",
                "yara@example.com",
                "zoe@example.com"
            ],
            "rounds": [
                {
                    "number": 1,
                    "created_at": "2025-12-25T13:17:37+01:00",
                    "pairing_mode": "random_pods",
                    "pairing_locked": true,
                    "time_limit_minutes": 150,
                    "timer_locked": true,
                    "timer_start": "2025-12-25T13:53:06+01:00",
                    "timer_end": "2025-12-25T14:28:25+01:00",
                    "timer_running": false,
                    "completed": true,
                    "completed_at": "2025-12-25T14:28:50+01:00",
                    "display_show_pods": true,
                    "pods": [
                        {
                            "id": "r1_p1",
                            "players": [
                                "bob@example.com",
                                "paul@example.com",
                                "riley@example.com",
                                "ivy@example.com"
                            ],
                            "scores": {
                                "bob@example.com": 4,
                                "paul@example.com": 1,
                                "riley@example.com": 1,
                                "ivy@example.com": 1
                            },
                            "locked": true,
                            "saved": true
                        },
                        {
                            "id": "r1_p2",
                            "players": [
                                "maya@example.com",
                                "zoe@example.com",
                                "kira@example.com",
                                "carla@example.com"
                            ],
                            "scores": {
                                "maya@example.com": 4,
                                "zoe@example.com": 3,
                                "kira@example.com": 1,
                                "carla@example.com": 1
                            },
                            "locked": true,
                            "saved": true
                        },
                        {
                            "id": "r1_p3",
                            "players": [
                                "alice@example.com",
                                "nate@example.com",
                                "yara@example.com",
                                "erin@example.com"
                            ],
                            "scores": {
                                "alice@example.com": 1,
                                "nate@example.com": 1,
                                "yara@example.com": 4,
                                "erin@example.com": 2
                            },
                            "locked": true,
                            "saved": true
                        },
                        {
                            "id": "r1_p4",
                            "players": [
                                "quinn@example.com",
                                "sam@example.com",
                                "dave@example.com",
                                "liam@example.com"
                            ],
                            "scores": {
                                "quinn@example.com": 1,
                                "sam@example.com": 4,
                                "dave@example.com": 1,
                                "liam@example.com": 1
                            },
                            "locked": true,
                            "saved": true
                        },
                        {
                            "id": "r1_p5",
                            "players": [
                                "hank@example.com",
                                "vera@example.com",
                                "jack@example.com",
                                "frank@example.com"
                            ],
                            "scores": {
                                "hank@example.com": 3,
                                "vera@example.com": 1,
                                "jack@example.com": 4,
                                "frank@example.com": 1
                            },
                            "locked": true,
                            "saved": true
                        },
                        {
                            "id": "r1_p6",
                            "players": [
                                "tessa@example.com",
                                "wade@example.com",
                                "umar@example.com"
                            ],
                            "scores": {
                                "tessa@example.com": 4,
                                "wade@example.com": 1,
                                "umar@example.com": 1
                            },
                            "locked": true,
                            "saved": true
                        },
                        {
                            "id": "r1_p7",
                            "players": [
                                "xena@example.com",
                                "olivia@example.com",
                                "gina@example.com"
                            ],
                            "scores": {
                                "xena@example.com": 1,
                                "olivia@example.com": 1,
                                "gina@example.com": 4
                            },
                            "locked": true,
                            "saved": true
                        }
                    ],
                    "display_show_results": false
                },
                {
                    "number": 2,
                    "created_at": "2025-12-25T17:06:15+01:00",
                    "pairing_mode": "ranking_top4",
                    "pairing_locked": true,
                    "time_limit_minutes": 150,
                    "timer_locked": true,
                    "timer_start": "2025-12-26T01:14:43+01:00",
                    "timer_end": "2025-12-26T01:24:16+01:00",
                    "timer_running": false,
                    "completed": true,
                    "completed_at": "2025-12-26T01:24:36+01:00",
                    "display_show_pods": true,
                    "display_show_results": true,
                    "pods": [
                        {
                            "id": "r2_p1",
                            "players": [
                                "jack@example.com",
                                "maya@example.com",
                                "yara@example.com",
                                "bob@example.com"
                            ],
                            "scores": {
                                "jack@example.com": 4,
                                "maya@example.com": 1,
                                "yara@example.com": 1,
                                "bob@example.com": 1
                            },
                            "locked": true,
                            "saved": true
                        },
                        {
                            "id": "r2_p2",
                            "players": [
                                "gina@example.com",
                                "sam@example.com",
                                "tessa@example.com",
                                "hank@example.com"
                            ],
                            "scores": {
                                "gina@example.com": 1,
                                "sam@example.com": 1,
                                "tessa@example.com": 1,
                                "hank@example.com": 4
                            },
                            "locked": true,
                            "saved": true
                        },
                        {
                            "id": "r2_p3",
                            "players": [
                                "olivia@example.com",
                                "erin@example.com",
                                "carla@example.com",
                                "frank@example.com"
                            ],
                            "scores": {
                                "olivia@example.com": 1,
                                "erin@example.com": 4,
                                "carla@example.com": 3,
                                "frank@example.com": 1
                            },
                            "locked": true,
                            "saved": true
                        },
                        {
                            "id": "r2_p4",
                            "players": [
                                "kira@example.com",
                                "vera@example.com",
                                "umar@example.com",
                                "paul@example.com"
                            ],
                            "scores": {
                                "kira@example.com": 1,
                                "vera@example.com": 2,
                                "umar@example.com": 4,
                                "paul@example.com": 2
                            },
                            "locked": true,
                            "saved": true
                        },
                        {
                            "id": "r2_p5",
                            "players": [
                                "zoe@example.com",
                                "alice@example.com",
                                "wade@example.com",
                                "liam@example.com"
                            ],
                            "scores": {
                                "zoe@example.com": 4,
                                "alice@example.com": 1,
                                "wade@example.com": 1,
                                "liam@example.com": 1
                            },
                            "locked": true,
                            "saved": true
                        },
                        {
                            "id": "r2_p6",
                            "players": [
                                "dave@example.com",
                                "ivy@example.com",
                                "nate@example.com"
                            ],
                            "scores": {
                                "dave@example.com": 1,
                                "ivy@example.com": 1,
                                "nate@example.com": 4
                            },
                            "locked": true,
                            "saved": true
                        },
                        {
                            "id": "r2_p7",
                            "players": [
                                "quinn@example.com",
                                "riley@example.com",
                                "xena@example.com"
                            ],
                            "scores": {
                                "quinn@example.com": 1,
                                "riley@example.com": 4,
                                "xena@example.com": 1
                            },
                            "locked": true,
                            "saved": true
                        }
                    ]
                }
            ]
        },
        "g_566bd08814a6": {
            "id": "g_566bd08814a6",
            "name": "Game Test 4 - Player Side Test",
            "status": "ended",
            "created_at": "2025-12-26T01:41:47+01:00",
            "is_active": true,
            "players": [
                "umar@example.com",
                "vera@example.com",
                "wade@example.com",
                "xena@example.com",
                "yara@example.com",
                "zoe@example.com",
                "alice@example.com"
            ],
            "rounds": [
                {
                    "number": 1,
                    "created_at": "2025-12-26T01:42:57+01:00",
                    "pairing_mode": "random_pods",
                    "pairing_locked": true,
                    "time_limit_minutes": 150,
                    "timer_locked": true,
                    "timer_start": "2025-12-26T01:53:43+01:00",
                    "timer_end": "2025-12-26T01:55:44+01:00",
                    "timer_running": false,
                    "completed": true,
                    "completed_at": "2025-12-26T01:56:18+01:00",
                    "display_show_pods": true,
                    "display_show_results": false,
                    "pods": [
                        {
                            "id": "r1_p1",
                            "players": [
                                "zoe@example.com",
                                "umar@example.com",
                                "alice@example.com",
                                "vera@example.com"
                            ],
                            "scores": {
                                "zoe@example.com": 4,
                                "umar@example.com": 3,
                                "alice@example.com": 1,
                                "vera@example.com": 1
                            },
                            "locked": true,
                            "saved": true
                        },
                        {
                            "id": "r1_p2",
                            "players": [
                                "xena@example.com",
                                "yara@example.com",
                                "wade@example.com"
                            ],
                            "scores": {
                                "xena@example.com": 1,
                                "yara@example.com": 1,
                                "wade@example.com": 4
                            },
                            "locked": true,
                            "saved": true
                        }
                    ]
                },
                {
                    "number": 2,
                    "created_at": "2025-12-26T05:20:25+01:00",
                    "pairing_mode": "swiss_pods",
                    "pairing_locked": true,
                    "time_limit_minutes": 100,
                    "timer_locked": true,
                    "timer_start": "2025-12-26T12:03:31+01:00",
                    "timer_end": "2025-12-26T12:03:33+01:00",
                    "timer_running": false,
                    "completed": true,
                    "completed_at": "2025-12-26T11:53:15+01:00",
                    "display_show_pods": true,
                    "display_show_results": false,
                    "pods": [
                        {
                            "id": "r2_p1",
                            "players": [
                                "zoe@example.com",
                                "wade@example.com",
                                "umar@example.com",
                                "xena@example.com"
                            ],
                            "scores": {
                                "zoe@example.com": 4,
                                "wade@example.com": 1,
                                "umar@example.com": 1,
                                "xena@example.com": 1
                            },
                            "locked": true,
                            "saved": true
                        },
                        {
                            "id": "r2_p2",
                            "players": [
                                "alice@example.com",
                                "yara@example.com",
                                "vera@example.com"
                            ],
                            "scores": {
                                "alice@example.com": 1,
                                "yara@example.com": 1,
                                "vera@example.com": 4
                            },
                            "locked": true,
                            "saved": true
                        }
                    ],
                    "display_background": "assets/display-bg/bg_20251226_110703_dc4acf5c.jpg"
                }
            ],
            "display_background": "assets/display-bg/bg_20251226_113458_d1dc3281.jpg",
            "sponsor_banner": "assets/sponsors/sponsor_20251226_113727_1658a129.jpg"
        },
        "g_880d083eb2d6": {
            "id": "g_880d083eb2d6",
            "name": "Game 2025-12-26 16:20",
            "status": "active",
            "created_at": "2025-12-26T16:20:06+01:00",
            "is_active": true,
            "players": [],
            "rounds": []
        }
    }
}